City_ID,City,lat,Lng,Max Temp,Humidity,Cloudiness,Wind Speed,Country,Date
0,aksu,41.1231,80.2644,7.32,39,55,1.21,CN,1677816398
1,iqaluit,63.7506,-68.5145,-13.15,84,100,1.54,CA,1677816399
2,vagur,61.4732,-6.8119,6.94,81,100,6.15,FO,1677816400
3,orbetello,42.4408,11.2196,8.99,92,100,3.84,IT,1677816400
4,hithadhoo,-0.6,73.0833,27.08,76,96,2.43,MV,1677816401
5,hermanus,-34.4187,19.2345,19.51,81,0,4.2,ZA,1677816401
6,barentu,15.1139,37.5928,21.21,57,47,1.63,ER,1677816402
7,ponta do sol,32.6667,-17.1,18.17,88,89,0.65,PT,1677816403
8,port hardy,50.6996,-127.4199,1.1,100,75,2.57,CA,1677816403
9,jamestown,42.097,-79.2353,0.77,97,100,1.54,US,1677816404
10,port blair,11.6667,92.75,29.28,63,70,5.98,IN,1677816404
11,lata,40.1629,-8.3327,0.6,78,88,1.08,PT,1677816405
12,valle hermoso,25.6667,-97.8333,24.38,91,97,4.76,MX,1677816406
13,upernavik,72.7868,-56.1549,-26.16,87,77,7.55,GL,1677816406
14,avarua,-21.2078,-159.775,29.03,61,20,2.57,CK,1677816407
15,balikpapan,-1.2675,116.8289,26.55,83,40,0.51,ID,1677816330
16,punta arenas,-53.15,-70.9167,4.06,81,40,8.23,CL,1677816143
17,bahia blanca,-38.7196,-62.2724,20.72,65,22,0.45,AR,1677816408
18,atuona,-9.8,-139.0333,26.81,77,13,8.03,PF,1677816408
19,half moon bay,37.4636,-122.4286,9.88,79,75,4.12,US,1677816409
20,yellowknife,62.456,-114.3525,-15.8,77,100,4.47,CA,1677816410
21,tombouctou,20.0,-3.0,20.26,16,0,3.59,ML,1677816410
22,adrar,20.5022,-10.0711,17.44,26,0,4.54,MR,1677816411
23,andahuaylas,-13.6556,-73.3872,10.97,87,96,1.37,PE,1677816411
24,yining,29.0361,114.5636,13.35,59,100,0.94,CN,1677816412
25,sao filipe,14.8961,-24.4956,22.99,71,84,1.84,CV,1677816413
26,rikitea,-23.1203,-134.9692,26.69,73,96,3.31,PF,1677816413
27,mataura,-46.1927,168.8643,16.38,81,87,3.32,NZ,1677816414
28,kapaa,22.0752,-159.319,22.18,78,100,8.23,US,1677816414
29,tiksi,71.6872,128.8694,-24.93,93,96,3.82,RU,1677816415
30,butaritari,3.0707,172.7902,27.79,79,100,6.86,KI,1677816415
31,albany,42.6001,-73.9662,1.83,77,26,0.89,US,1677816416
32,lakselv,70.0513,24.9718,1.9,75,100,5.66,NO,1677816416
33,cabo san lucas,22.8909,-109.9124,19.17,72,8,1.14,MX,1677816196
34,grinnell,41.743,-92.7224,-0.01,91,0,2.24,US,1677816417
35,rovaniemi,66.5,25.7167,-4.33,93,0,2.57,FI,1677816418
36,faanui,-16.4833,-151.75,28.2,68,10,2.46,PF,1677816419
37,cedar rapids,42.0083,-91.6441,0.72,86,59,2.68,US,1677816419
38,port lincoln,-34.7333,135.8667,20.56,56,81,5.21,AU,1677816420
39,mar del plata,-38.0023,-57.5575,20.61,90,0,3.6,AR,1677816331
40,castlegar,49.2998,-117.6689,-3.9,91,86,1.74,CA,1677816421
41,carlsbad,33.1581,-117.3506,11.18,78,1,1.59,US,1677816148
42,saskylakh,71.9167,114.0833,-20.45,94,100,7.17,RU,1677816422
43,vostochnyy,55.8167,37.8667,-0.85,93,95,4.43,RU,1677816423
44,aden,12.7794,45.0367,25.09,79,36,10.46,YE,1677816423
45,eseka,3.65,10.7667,23.83,97,98,0.94,CM,1677816424
46,margate,51.3813,1.3862,5.39,82,68,4.02,GB,1677816233
47,lebu,-37.6167,-73.65,14.69,89,100,6.06,CL,1677816425
48,bandarbeyla,9.4942,50.8122,25.41,68,25,6.98,SO,1677816425
49,hilo,19.7297,-155.09,21.25,93,100,3.6,US,1677816426
50,hobart,-42.8794,147.3294,20.03,47,20,5.66,AU,1677816152
51,geraldton,-28.7667,114.6,32.23,37,6,6.17,AU,1677816427
52,ushuaia,-54.8,-68.3,4.81,81,20,11.83,AR,1677816428
53,bredasdorp,-34.5322,20.0403,18.75,88,0,1.8,ZA,1677816428
54,nikolskoye,59.7035,30.7861,-0.06,94,100,3.6,RU,1677816429
55,srednekolymsk,67.45,153.6833,-27.13,89,65,1.43,RU,1677816429
56,wanning,18.8003,110.3967,23.64,66,35,6.02,CN,1677816430
57,rio grande,-32.035,-52.0986,23.38,89,89,4.79,BR,1677816430
58,ambon,-3.6954,128.1814,31.08,74,40,3.09,ID,1677816209
59,yulara,-25.2406,130.9889,33.81,9,0,6.19,AU,1677816431
60,saint-philippe,-21.3585,55.7679,26.77,78,100,1.89,RE,1677816432
61,sarangani,5.4033,125.4636,27.48,70,74,4.27,PH,1677816433
62,port elizabeth,-33.918,25.5701,20.17,99,40,3.09,ZA,1677816433
63,killybegs,54.6333,-8.45,6.33,61,100,1.89,IE,1677816434
64,ternate,0.8,127.4,28.13,74,99,3.71,ID,1677816435
65,maglie,40.1184,18.2989,6.38,79,72,2.57,IT,1677816435
66,bethel,41.3712,-73.414,4.31,71,0,3.09,US,1677816390
67,bluff,-46.6,168.3333,16.56,82,100,8.97,NZ,1677816436
68,hay river,60.8156,-115.7999,-11.34,96,100,3.01,CA,1677816437
69,husavik,66.0449,-17.3389,-2.29,90,70,3.01,IS,1677816438
70,blagoyevo,63.3667,47.9167,-29.21,100,100,0.88,RU,1677816438
71,la ronge,55.1001,-105.2842,-7.81,96,82,3.2,CA,1677816439
72,bengkulu,-3.8004,102.2655,28.15,68,16,3.31,ID,1677816440
73,ribeira grande,38.5167,-28.7,13.76,75,100,2.68,PT,1677816440
74,gat,31.61,34.7642,19.67,44,46,4.37,IL,1677816441
75,cape town,-33.9258,18.4232,17.84,89,75,5.14,ZA,1677816232
76,new norfolk,-42.7826,147.0587,19.84,31,7,1.79,AU,1677816442
77,saint-augustin,51.226,-58.6502,-12.22,87,9,4.11,CA,1677816442
78,pandan,14.0453,124.1694,24.46,83,99,9.15,PH,1677816443
79,fortuna,40.5982,-124.1573,7.74,95,100,0.0,US,1677816444
80,naro moru,-0.1676,37.0213,11.53,86,48,0.8,KE,1677816445
81,coquimbo,-29.9533,-71.3436,17.85,82,100,2.57,CL,1677816445
82,kodiak,57.79,-152.4072,-3.27,50,20,12.86,US,1677816314
83,acapulco,16.8634,-99.8901,25.9,73,40,3.6,MX,1677816446
84,grindavik,63.8424,-22.4338,3.26,100,75,2.57,IS,1677816448
85,puerto quijarro,-17.7833,-57.7667,23.41,91,100,0.82,BO,1677816449
86,tasiilaq,65.6145,-37.6368,2.09,91,98,4.03,GL,1677816450
87,komsomolskiy,40.4272,71.7189,7.4,70,10,1.03,UZ,1677816451
88,coihaique,-45.5752,-72.0662,12.97,88,73,1.54,CL,1677816451
89,parabel,58.6978,81.4825,-7.5,87,100,5.88,RU,1677816452
90,yerbogachen,61.2767,108.0108,0.75,93,100,6.66,RU,1677816453
91,mayenne,48.3333,-0.6667,0.69,93,10,3.52,FR,1677816453
92,palmer,42.1584,-72.3287,2.81,67,75,5.66,US,1677816454
93,laguna,38.421,-121.4238,11.16,60,0,2.06,US,1677816455
94,bosaso,11.2842,49.1816,24.86,73,2,2.42,SO,1677816455
95,arraial do cabo,-22.9661,-42.0278,24.4,91,57,9.01,BR,1677816456
96,busselton,-33.65,115.3333,27.74,51,0,6.02,AU,1677816458
97,mill valley,37.906,-122.545,10.18,78,70,1.79,US,1677816214
98,abha,18.2164,42.5053,11.14,66,0,0.0,SA,1677816459
99,jiuquan,39.7432,98.5174,7.76,17,0,1.61,CN,1677816460
100,avera,33.194,-82.5271,17.99,84,100,2.76,US,1677816383
101,san jorge,-31.8962,-61.8598,25.0,73,0,4.68,AR,1677816461
102,buala,-8.145,159.5921,26.91,87,100,5.16,SB,1677816462
103,mahibadhoo,3.7833,72.9667,27.52,76,86,7.31,MV,1677816462
104,bud,39.447,-86.1758,7.87,77,91,3.6,US,1677816463
105,provideniya,64.3833,-173.3,-20.94,77,100,4.0,RU,1677816464
106,kidal,18.4411,1.4078,20.69,9,0,3.62,ML,1677816465
107,jieshi,22.8134,115.8257,18.77,59,0,7.37,CN,1677816465
108,tuktoyaktuk,69.4541,-133.0374,-34.17,100,57,1.76,CA,1677816466
109,baykit,61.67,96.37,-3.11,87,90,4.91,RU,1677816466
110,carnarvon,-24.8667,113.6333,30.3,60,0,4.81,AU,1677816228
111,ryotsu,38.0833,138.4333,6.88,52,70,5.99,JP,1677816467
112,kokopo,-4.352,152.2633,28.64,75,94,6.04,PG,1677816468
113,shimoda,34.6667,138.95,8.95,59,99,3.03,JP,1677816468
114,namibe,-15.1961,12.1522,21.87,73,81,2.54,AO,1677816469
115,port alfred,-33.5906,26.891,18.99,95,3,6.5,ZA,1677816470
116,kitimat,54.0524,-128.6534,-0.86,97,100,2.97,CA,1677816470
117,zomin,39.9606,68.3958,14.79,31,100,1.81,UZ,1677816471
118,codrington,-38.2667,141.9667,17.94,53,73,7.56,AU,1677816472
119,tuatapere,-46.1333,167.6833,14.7,89,100,5.0,NZ,1677816472
120,torbay,47.6666,-52.7314,-5.79,76,20,8.75,CA,1677816201
121,road town,18.4167,-64.6167,23.05,70,0,7.69,VG,1677816473
122,sechura,-5.5569,-80.8222,25.73,68,70,6.28,PE,1677816474
123,ilulissat,69.2167,-51.1,-6.99,73,20,1.03,GL,1677816432
124,dikson,73.5069,80.5464,-27.36,100,94,5.65,RU,1677816474
125,narsaq,60.9167,-46.05,8.12,55,85,12.79,GL,1677816475
126,castro,-24.7911,-50.0119,17.67,94,100,0.28,BR,1677816476
127,haines junction,60.7522,-137.5108,-14.46,95,100,0.86,CA,1677816476
128,penzance,50.1186,-5.5371,0.38,83,4,5.01,GB,1677816391
129,gariaband,20.635,82.0614,31.3,21,0,1.3,IN,1677816477
130,georgetown,5.4112,100.3354,28.96,79,20,0.51,MY,1677816449
131,malmesbury,-33.4608,18.7271,15.99,92,29,3.07,ZA,1677816188
132,galle,6.0367,80.217,27.57,71,81,1.09,LK,1677816479
133,san policarpo,12.1791,125.5072,26.9,62,92,6.56,PH,1677816480
134,mecca,21.4267,39.8261,24.55,56,4,1.28,SA,1677816480
135,chuy,-33.6971,-53.4616,23.96,69,47,3.76,UY,1677816481
136,cayenne,4.9333,-52.3333,26.02,83,75,1.54,GF,1677816481
137,kenai,60.5544,-151.2583,-9.39,83,40,1.54,US,1677816482
138,sola,-13.8833,167.55,27.34,85,100,15.06,VU,1677816483
139,pasighat,28.0667,95.3333,26.95,31,95,1.14,IN,1677816483
140,kovylkino,54.0388,43.9139,-5.74,95,100,5.59,RU,1677816484
141,nizwa,22.9333,57.5333,21.88,39,0,0.43,OM,1677816485
142,asfi,32.2994,-9.2372,15.47,92,12,2.79,MA,1677816485
143,puerto ayora,-0.7393,-90.3518,25.31,93,83,0.76,EC,1677816486
144,nargana,9.4428,-78.5906,25.39,87,53,4.75,PA,1677816487
145,vardo,70.3705,31.1107,-0.01,93,95,6.17,NO,1677816488
146,mukhen,48.1,136.1,-4.26,84,100,2.32,RU,1677816488
147,vanderhoof,54.0166,-124.0198,-2.7,74,100,4.99,CA,1677816489
148,cidreira,-30.1811,-50.2056,24.19,87,100,5.26,BR,1677816489
149,port hedland,-20.3167,118.5667,35.03,55,93,9.26,AU,1677816490
150,norman wells,65.282,-126.8329,-24.04,97,100,3.46,CA,1677816491
151,vao,-22.6667,167.4833,25.85,84,77,8.65,NC,1677816491
152,souillac,-20.5167,57.5167,25.94,76,100,1.55,MU,1677816492
153,pathein,16.7833,94.7333,35.03,20,0,3.72,MM,1677816493
154,saint-francois,46.4154,3.9054,-4.62,93,11,1.54,FR,1677816494
155,sawakin,19.1059,37.3321,24.3,80,39,3.58,SD,1677816495
156,ust-nera,64.5667,143.2,-30.58,92,66,2.02,RU,1677816495
157,khatanga,71.9667,102.5,-13.86,95,100,4.85,RU,1677816496
158,makungu,-8.7333,35.2833,17.33,96,100,1.39,TZ,1677816496
159,khandagayty,50.7333,92.05,-12.55,89,100,1.76,RU,1677816497
160,chernyshevskiy,63.0128,112.4714,-3.57,96,100,4.3,RU,1677816498
161,san jose,37.3394,-121.895,9.66,73,75,3.6,US,1677816740
162,salalah,17.0151,54.0924,23.05,43,0,1.03,OM,1677816231
163,porto santo,33.072,-16.3415,15.21,94,20,2.06,PT,1677816500
164,lilongwe,-13.9669,33.7873,17.9,97,100,1.09,MW,1677816501
165,dicabisagan,17.0818,122.4157,22.71,82,90,4.7,PH,1677816501
166,port keats,-14.25,129.55,29.03,65,43,5.99,AU,1677816502
167,pinega,64.7001,43.3936,-23.91,100,100,0.33,RU,1677816502
168,yumen,40.2833,97.2,7.93,15,0,2.47,CN,1677816503
169,grants,35.1473,-107.8514,-0.87,69,0,2.57,US,1677816504
170,nemuro,43.3236,145.575,-0.41,72,31,3.94,JP,1677816504
171,leningradskiy,69.3833,178.4167,-27.82,92,100,2.68,RU,1677816505
172,kavieng,-2.5744,150.7967,27.99,78,94,5.94,PG,1677816506
173,serowe,-22.3833,26.7167,16.82,89,1,2.56,BW,1677816265
174,labuhan,-6.8844,112.2051,28.89,68,81,2.38,ID,1677816507
175,vaini,-21.2,-175.2,28.09,89,75,7.2,TO,1677816507
176,vikulovo,56.8167,70.6107,-12.48,94,86,5.07,RU,1677816508
177,severo-kurilsk,50.6789,156.125,-4.77,90,100,12.6,RU,1677816509
178,mananjary,-21.2167,48.3333,24.19,89,94,1.76,MG,1677816509
179,fonte boa,-2.4959,-66.2662,22.94,98,47,1.27,BR,1677816510
180,christchurch,-43.5333,172.6333,21.64,80,75,4.12,NZ,1677816350
181,berlevag,70.8578,29.0864,1.0,86,20,5.14,NO,1677816511
182,snezhnogorsk,69.1933,33.2531,-6.12,97,99,2.93,RU,1677816511
183,ambilobe,-13.2,49.05,23.82,92,77,0.71,MG,1677816512
184,victoria,22.2855,114.1577,22.2,44,50,3.58,HK,1677816411
185,rzhev,56.2624,34.3282,-2.62,92,100,5.94,RU,1677816513
186,talaya,61.3833,152.75,-31.31,86,36,0.81,RU,1677816513
187,kamaishi,39.2667,141.8833,5.3,65,100,4.69,JP,1677816514
188,san patricio,28.017,-97.5169,23.97,28,39,10.79,US,1677816515
189,santa fe,-31.6333,-60.7,26.11,69,20,2.24,AR,1677816410
190,villazon,-22.0866,-65.5942,9.28,77,23,4.39,BO,1677816516
191,verkhneyarkeyevo,55.4505,54.3145,-13.9,96,91,3.41,RU,1677816517
192,tera,14.0078,0.7531,24.47,13,2,4.94,NE,1677816293
193,san felipe,10.3399,-68.7425,21.88,96,97,1.94,VE,1677816518
194,ancud,-41.8697,-73.8203,14.36,89,100,2.83,CL,1677816518
195,ha tinh,18.3333,105.9,22.39,69,56,2.11,VN,1677816519
196,port augusta,-32.5,137.7667,28.46,28,0,3.02,AU,1677816520
197,ketchikan,55.3422,-131.6461,0.99,93,75,2.06,US,1677816520
198,naze,28.3667,129.4833,14.15,56,68,4.94,JP,1677816521
199,saint george,37.1041,-113.5841,6.08,52,0,1.54,US,1677816351
200,longyearbyen,78.2186,15.6401,-9.09,92,100,15.43,SJ,1677816522
201,dubuque,42.4833,-90.8668,0.68,75,0,3.09,US,1677816522
202,coahuayana,18.7333,-103.6833,20.52,83,55,0.99,MX,1677816523
203,aklavik,68.2191,-135.0107,-34.89,100,68,2.2,CA,1677816524
204,tessalit,20.1986,1.0114,19.14,13,0,1.39,ML,1677816524
205,sumbe,-11.2061,13.8437,23.51,81,40,2.7,AO,1677816525
206,terrace,54.5163,-128.6035,-3.78,98,93,1.29,CA,1677816525
207,mount isa,-20.7333,139.5,21.87,94,100,3.6,AU,1677816526
208,umm lajj,25.0213,37.2685,24.3,49,0,1.55,SA,1677816527
209,oistins,13.0667,-59.5333,24.05,83,40,9.26,BB,1677816527
210,tocache,-8.1842,-76.5125,21.28,96,97,0.47,PE,1677816528
211,dhidhdhoo,6.8833,73.1,27.24,69,20,5.5,MV,1677816528
212,kangaatsiaq,68.3065,-53.4641,-16.13,89,39,3.6,GL,1677816529
213,siyabuswa,-25.1132,29.0445,17.22,83,0,1.33,ZA,1677816530
214,mount pleasant,32.7941,-79.8626,19.08,95,0,2.06,US,1677816274
215,santa isabel do rio negro,-0.4139,-65.0192,22.89,96,88,1.33,BR,1677816531
216,airai,-8.9266,125.4092,21.32,68,98,2.06,TL,1677816531
217,grand gaube,-20.0064,57.6608,27.43,71,100,0.89,MU,1677816532
218,thompson,55.7435,-97.8558,-14.67,98,97,1.67,CA,1677816533
219,cherskiy,68.75,161.3,-29.64,93,100,2.27,RU,1677816533
220,vazante,-17.9869,-46.9078,20.09,89,24,1.48,BR,1677816534
221,jiayuguan,39.8167,98.3,7.08,15,0,1.35,CN,1677816534
222,ahipara,-35.1667,173.1667,21.43,66,97,2.83,NZ,1677816535
223,sibu,2.3,111.8167,30.82,67,99,1.14,MY,1677816535
224,santa maria da vitoria,-13.3947,-44.1886,21.71,78,39,0.62,BR,1677816536
225,seymchan,62.8833,152.4333,-30.87,86,69,1.3,RU,1677816249
226,kambove,-10.8764,26.5969,14.54,97,92,1.1,CD,1677816537
227,sembe,1.6481,14.5806,21.97,86,94,0.97,CG,1677816538
228,pecos,31.4229,-103.4932,9.46,29,21,12.35,US,1677816456
229,nishihara,26.1842,127.7558,17.6,52,75,6.17,JP,1677816539
230,westport,41.1415,-73.3579,5.99,69,0,4.63,US,1677816409
231,singaraja,-8.112,115.0882,28.04,71,100,0.67,ID,1677816540
232,nanortalik,60.1432,-45.2371,2.85,78,78,11.8,GL,1677816540
233,tigil,57.8,158.6667,-13.08,86,57,5.1,RU,1677816541
234,vallenar,-28.5708,-70.7581,18.75,75,4,0.74,CL,1677816541
235,kununurra,-15.7667,128.7333,32.99,46,40,3.6,AU,1677816542
236,ngunguru,-35.6167,174.5,20.72,58,100,2.95,NZ,1677816543
237,nuevo progreso,23.1667,-97.95,23.83,65,56,1.34,MX,1677816544
238,pisco,-13.7,-76.2167,23.03,73,0,2.57,PE,1677816545
239,truro,50.2653,-5.0544,2.6,80,5,3.6,GB,1677816299
240,omboue,-1.5746,9.2618,25.22,88,99,2.18,GA,1677816546
241,porto empedocle,37.2934,13.5264,9.66,85,100,3.98,IT,1677816546
242,brae,60.3964,-1.353,5.21,77,23,6.33,GB,1677816547
243,bilibino,68.0546,166.4372,-30.21,93,100,1.02,RU,1677816548
244,marsh harbour,26.5412,-77.0636,23.68,73,87,4.43,BS,1677816548
245,kaili,-3.4626,120.2147,24.1,82,88,1.05,ID,1677816549
246,rawson,-43.3002,-65.1023,21.65,47,92,2.04,AR,1677816549
247,biak,-0.9131,122.8766,29.19,65,43,1.17,ID,1677816550
248,lavrentiya,65.5833,-171.0,-29.59,95,31,0.95,RU,1677816551
249,wokha,26.1,94.2667,20.92,27,0,1.47,IN,1677816551
250,pimentel,-6.8367,-79.9342,24.16,78,0,6.17,PE,1677816552
251,padang,-0.9492,100.3543,28.03,83,100,1.73,ID,1677816552
252,raton,36.9034,-104.4391,-3.66,74,0,1.54,US,1677816259
253,ca mau,9.1769,105.15,31.62,44,87,4.41,VN,1677816553
254,barrow,71.2906,-156.7887,-27.99,76,0,3.6,US,1677816554
255,abbeville,50.1,1.8333,2.98,94,0,3.23,FR,1677816555
256,shenjiamen,29.9576,122.298,8.85,55,3,2.63,CN,1677816555
257,tambura,5.6,27.4667,20.38,87,60,1.74,SS,1677816556
258,ostrovnoy,68.0531,39.5131,-14.03,98,92,3.19,RU,1677816557
259,east london,-33.0153,27.9116,21.9,82,10,6.57,ZA,1677816558
260,gornopravdinsk,60.05,69.9,-11.3,94,100,2.94,RU,1677816558
261,vandoeuvre-les-nancy,48.65,6.1833,3.21,97,100,1.54,FR,1677816324
262,galveston,29.3669,-94.9669,24.06,88,100,8.75,US,1677816559
263,san quintin,30.4833,-115.95,11.83,70,0,3.57,MX,1677816560
264,mahebourg,-20.4081,57.7,27.36,78,100,2.06,MU,1677816560
265,cubuk,40.2386,33.0322,7.65,87,75,2.06,TR,1677816561
266,hofn,64.2539,-15.2082,3.99,67,6,5.19,IS,1677816561
267,karasburg,-28.0167,18.75,17.49,61,5,1.62,NA,1677816562
268,henties bay,-22.116,14.2845,16.41,93,26,1.9,NA,1677816563
269,witney,51.7836,-1.4854,4.13,79,100,4.63,GB,1677816563
270,amapa,1.0,-52.0,21.64,99,97,1.1,BR,1677816564
271,hervey bay,-25.2986,152.8535,28.34,64,92,7.09,AU,1677816565
272,upata,8.0086,-62.3989,22.88,88,55,2.6,VE,1677816566
273,hobyo,5.3505,48.5268,26.56,69,63,8.92,SO,1677816566
274,alice springs,-23.7,133.8833,31.75,40,1,7.2,AU,1677816567
275,kobyzhcha,50.8285,31.5044,0.47,86,100,3.92,UA,1677816568
276,le port,-20.9373,55.2919,28.83,70,100,3.63,RE,1677816568
277,udachnyy,66.4167,112.4,-10.86,78,100,6.97,RU,1677816569
278,kaitangata,-46.2817,169.8464,17.84,67,28,5.3,NZ,1677816570
279,tezu,27.9167,96.1667,28.16,23,56,1.69,IN,1677816571
280,asau,46.4333,26.4,-4.29,90,10,1.17,RO,1677816571
281,sabang,5.8933,95.3214,27.74,71,100,6.81,ID,1677816572
282,isangel,-19.55,169.2667,26.95,87,100,9.93,VU,1677816573
283,inhambane,-23.865,35.3833,24.41,90,40,7.65,MZ,1677816574
284,morro bay,35.3658,-120.8499,10.51,79,11,1.34,US,1677816575
285,poum,-20.2333,164.0167,27.48,82,100,11.37,NC,1677816575
286,walvis bay,-22.9575,14.5053,17.27,94,3,2.19,NA,1677816576
287,hvide sande,56.0045,8.1294,2.83,86,57,5.52,DK,1677816577
288,nabire,-3.3667,135.4833,25.45,81,100,1.21,ID,1677816578
289,ati,13.2154,18.3353,23.85,13,7,4.41,TD,1677816578
290,talnakh,69.4865,88.3972,-9.08,95,100,4.1,RU,1677816579
291,libourne,44.9167,-0.25,4.28,79,100,1.12,FR,1677816579
292,praia,14.9215,-23.5087,22.3,56,0,6.69,CV,1677816580
293,haverfordwest,51.8017,-4.9691,1.77,88,0,3.09,GB,1677816581
294,mount gambier,-37.8333,140.7667,20.3,45,66,5.83,AU,1677816581
295,bima,-8.4667,118.7167,24.55,93,100,1.73,ID,1677816582
296,port macquarie,-31.4333,152.9167,26.61,57,34,4.83,AU,1677816582
297,lagoa,39.05,-27.9833,14.67,74,100,6.2,PT,1677816583
298,broome,42.2506,-75.833,2.05,79,100,3.09,US,1677816583
299,champerico,14.3,-91.9167,25.36,76,0,3.62,GT,1677816584
300,truth or consequences,33.1284,-107.2528,6.75,47,0,9.26,US,1677816390
301,guerrero negro,27.9769,-114.0611,13.22,66,0,7.17,MX,1677816585
302,tarbes,43.25,0.1667,3.6,87,100,2.57,FR,1677816586
303,grenaa,56.4158,10.8783,0.33,89,31,3.55,DK,1677816586
304,qaanaaq,77.484,-69.3632,-28.36,70,0,3.92,GL,1677816587
305,roseburg,43.2165,-123.3417,4.06,90,75,0.0,US,1677816587
306,calvinia,-31.4707,19.776,16.77,69,25,2.0,ZA,1677816588
307,miles city,46.4083,-105.8406,1.54,60,0,3.09,US,1677816412
308,axim,4.8699,-2.2405,26.37,88,100,2.96,GH,1677816589
309,mamallapuram,12.6264,80.1722,27.03,56,62,2.65,IN,1677816590
310,ciudad bolivar,8.1222,-63.5497,25.39,69,89,5.84,VE,1677816590
311,capim grosso,-11.3811,-40.0128,21.79,85,6,1.96,BR,1677816591
312,shitkino,56.3703,98.3543,1.8,96,100,2.89,RU,1677816592
313,bambous virieux,-20.3428,57.7575,27.34,77,100,1.94,MU,1677816592
314,otuzco,-7.9,-78.5833,11.0,88,100,0.46,PE,1677816593
315,clyde river,70.4692,-68.5914,-27.87,63,75,7.2,CA,1677816594
316,ust-ilimsk,58.0006,102.6619,2.18,85,100,5.68,RU,1677816594
317,capreol,46.706,-80.9225,-21.39,100,27,1.51,CA,1677816595
318,najran,17.4924,44.1277,17.0,50,2,1.58,SA,1677816412
319,abdulino,53.7,53.6667,-12.63,96,99,3.64,RU,1677816596
320,agadez,19.75,10.25,22.08,11,0,3.85,NE,1677816596
321,jacareacanga,-6.2222,-57.7528,22.94,99,100,1.04,BR,1677816597
322,chiang klang,19.2938,100.8617,31.7,30,0,1.63,TH,1677816598
323,ankang,32.68,109.0172,17.74,41,1,2.3,CN,1677816598
324,manohar thana,24.24,76.8018,27.84,22,0,2.41,IN,1677816599
325,katsuura,35.1333,140.3,9.61,48,67,3.01,JP,1677816559
326,gudari,19.35,83.7833,32.49,22,0,0.58,IN,1677816600
327,puerto narino,-3.7703,-70.3831,23.2,98,99,1.11,CO,1677816600
328,lompoc,34.6391,-120.4579,8.77,79,0,8.49,US,1677816601
329,tabuk,17.4189,121.4443,21.52,81,99,2.79,PH,1677816602
330,azul,-36.777,-59.8585,17.91,81,4,2.85,AR,1677816603
331,vostok,46.4856,135.8833,-5.82,84,100,3.05,RU,1677816604
332,sitka,57.0531,-135.33,1.94,75,100,4.63,US,1677816605
333,batagay-alyta,67.8006,130.4114,-29.1,75,18,1.54,RU,1677816605
334,esmeraldas,-19.7625,-44.3139,23.48,92,92,1.54,BR,1677816607
335,gravelbourg,49.8834,-106.5512,-2.72,78,6,6.33,CA,1677816608
336,pacific grove,36.6177,-121.9166,9.25,82,75,3.58,US,1677816540
337,riyadh,24.6877,46.7219,16.08,26,0,4.16,SA,1677816426
338,miyako,39.6367,141.9525,6.18,49,100,3.58,JP,1677816610
339,huarmey,-10.0681,-78.1522,23.32,82,100,3.23,PE,1677816610
340,general roca,-39.0333,-67.5833,24.23,24,31,5.22,AR,1677816611
341,huancavelica,-12.7667,-74.9833,3.88,91,76,1.09,PE,1677816599
342,salinas,36.6777,-121.6555,9.48,80,0,3.09,US,1677816546
343,hauterive,46.0901,3.4459,3.42,93,22,1.1,FR,1677816612
344,zinder,13.8072,8.9881,23.94,15,31,4.48,NE,1677816613
345,tiarei,-17.5333,-149.3333,29.01,78,8,3.23,PF,1677816614
346,traverse city,44.7631,-85.6206,-2.96,92,0,0.0,US,1677816615
347,tokur,53.1333,132.9,-11.34,75,99,1.29,RU,1677816615
348,zhovtneve,50.6637,24.2492,-0.92,87,25,2.22,UA,1677816616
349,eyl,7.9803,49.8164,24.98,71,60,6.74,SO,1677816617
350,linxia,35.6003,103.2064,5.26,33,0,0.71,CN,1677816618
351,namie,37.4833,141.0,10.55,41,51,1.3,JP,1677816619
352,constitucion,-35.3333,-72.4167,14.97,81,3,3.16,CL,1677816619
353,bafra,41.5678,35.9069,7.65,90,100,4.31,TR,1677816620
354,callaway,30.153,-85.5699,22.22,95,100,7.72,US,1677816382
355,mocuba,-16.8392,36.9856,22.06,96,100,1.76,MZ,1677816622
356,kerrville,30.0474,-99.1403,14.12,34,100,7.72,US,1677816622
357,arlit,18.7369,7.3853,21.78,8,0,3.19,NE,1677816623
358,eydhafushi,5.1033,73.0708,27.36,76,46,7.67,MV,1677816624
359,bria,6.5423,21.9863,19.82,84,98,1.74,CF,1677816625
360,vila franca do campo,37.7167,-25.4333,17.23,98,100,3.8,PT,1677816626
361,gol,60.7014,8.9457,-6.79,85,100,1.9,NO,1677816626
362,ust-kuyga,70.0167,135.6,-33.52,93,85,3.83,RU,1677816627
363,xilagani,40.9833,25.4167,7.16,78,99,2.24,GR,1677816628
364,tarime,-1.35,34.3667,17.16,91,88,1.78,TZ,1677816628
365,zaraza,9.3503,-65.3245,24.1,81,79,2.71,VE,1677816629
366,baker city,44.7749,-117.8344,-2.42,98,100,0.0,US,1677816518
367,pechenga,69.5259,31.1703,-4.52,99,100,2.42,RU,1677816630
368,constantine,36.365,6.6147,2.67,87,75,5.66,DZ,1677816631
369,ginda,30.6945,78.4932,17.52,20,3,1.33,IN,1677816632
370,pahrump,36.2083,-115.9839,6.81,42,4,1.34,US,1677816368
371,moron,-34.6534,-58.6198,28.87,58,15,2.33,AR,1677816633
372,beloha,-25.1667,45.05,22.84,87,100,2.51,MG,1677816633
373,akonolinga,3.7667,12.25,20.39,99,100,0.58,CM,1677816634
374,mabaruma,8.2,-59.7833,22.35,91,74,1.52,GY,1677816635
375,jiazi,22.8779,116.067,19.1,56,0,7.46,CN,1677816635
376,santa rosa,14.3122,121.1114,30.99,56,44,8.56,PH,1677816386
377,aligudarz,33.4006,49.6949,1.49,70,1,1.88,IR,1677816636
378,chardara,41.2547,67.9692,13.64,46,96,4.2,KZ,1677816637
379,hun,29.1268,15.9477,15.45,28,50,4.46,LY,1677816638
380,ajaccio,42.0,8.9167,6.03,93,100,2.57,FR,1677816638
381,belle fourche,44.6714,-103.8522,4.17,37,91,3.88,US,1677816639
382,phalombe,-15.8064,35.6507,19.57,96,96,1.3,MW,1677816639
383,hirado,33.3597,129.5531,8.83,48,3,2.33,JP,1677816640
384,hasaki,35.7333,140.8333,10.22,42,45,2.46,JP,1677816640
385,namatanai,-3.6667,152.4333,28.0,80,99,4.68,PG,1677816641
386,maceio,-9.6658,-35.7353,24.69,94,40,0.51,BR,1677816911
387,bereda,43.2686,-7.5406,-0.79,100,88,0.89,ES,1677816642
388,pangai,-19.8,-174.35,28.56,78,100,5.97,TO,1677816643
389,matagami,49.7502,-77.6328,-26.08,100,37,0.65,CA,1677816643
390,general cepeda,25.3833,-101.45,18.85,15,64,6.94,MX,1677816644
391,ola,59.5833,151.2833,-18.81,73,8,2.1,RU,1677816645
392,muravlenko,63.7898,74.523,-17.52,93,100,6.62,RU,1677816668
393,turukhansk,65.8167,87.9833,-7.78,91,100,11.83,RU,1677816669
394,los llanos de aridane,28.6585,-17.9182,14.86,92,0,3.13,ES,1677816669
395,harper,4.375,-7.7169,25.13,86,85,3.12,LR,1677816670
396,kirakira,-10.4544,161.9205,29.61,69,99,6.9,SB,1677816670
397,meulaboh,4.1363,96.1285,24.55,88,100,0.42,ID,1677816445
398,avigliano,40.7329,15.72,-0.18,92,44,1.72,IT,1677816671
399,kiunga,-6.1219,141.2906,23.73,98,100,2.14,PG,1677816672
400,kahului,20.8947,-156.47,21.02,87,40,8.75,US,1677816560
401,wamba,8.9333,8.6,23.64,46,97,0.96,NG,1677816673
402,agirish,61.9247,63.0231,-25.43,98,28,1.95,RU,1677816673
403,murgab,37.4966,61.9714,14.83,32,43,1.4,TM,1677816674
404,bathsheba,13.2167,-59.5167,24.34,83,40,9.26,BB,1677816675
405,sao felix do xingu,-6.6447,-51.995,21.91,98,84,0.36,BR,1677816412
406,clonakilty,51.6231,-8.8706,4.56,79,65,3.38,IE,1677816675
407,requena,39.4883,-1.1004,-0.27,74,64,2.83,ES,1677816676
408,neiafu,-18.65,-173.9833,30.38,74,75,3.6,TO,1677816677
409,alyangula,-13.8483,136.4192,30.07,70,71,7.92,AU,1677816677
410,sabha,27.0377,14.4283,16.7,19,76,5.01,LY,1677816678
411,ardesen,41.1911,40.9875,9.81,89,100,1.06,TR,1677816679
412,raudeberg,61.9875,5.1352,3.86,56,88,3.93,NO,1677816679
413,camabatela,-8.1881,15.375,15.73,87,87,0.77,AO,1677816680
414,irtyshskiy,58.3333,68.1333,-11.42,94,100,2.66,RU,1677816681
415,ovsyanka,55.9575,92.5519,2.54,85,99,6.34,RU,1677816681
416,maues,-3.3836,-57.7186,23.06,98,95,0.67,BR,1677816682
417,verkhoyansk,67.5447,133.385,-31.83,86,57,0.94,RU,1677816682
418,kalmunai,7.4167,81.8167,26.76,73,100,4.36,LK,1677816563
419,nianzishan,47.5167,122.8833,4.12,31,4,3.1,CN,1677816683
420,izmir,38.4622,27.0923,6.73,100,40,1.03,TR,1677816684
421,fernie,49.5,-115.0687,-7.32,97,90,1.26,CA,1677816685
422,ambato,-1.2491,-78.6168,12.72,99,100,1.42,EC,1677816610
423,preobrazheniye,42.9019,133.9064,2.94,58,59,4.98,RU,1677816687
424,mahon,39.8885,4.2658,9.31,76,20,5.66,ES,1677816687
425,balgazyn,51.0,95.2,-1.48,63,88,0.36,RU,1677816688
426,pangnirtung,66.1451,-65.7125,-12.53,70,100,3.09,CA,1677816688
427,bubaque,11.2833,-15.8333,24.66,67,0,1.51,GW,1677816689
428,tanete,-3.9443,119.7848,29.91,66,80,4.89,ID,1677816689
429,kafue,-15.7691,28.1814,17.3,94,100,0.84,ZM,1677816691
430,avanigadda,16.0215,80.9181,30.33,38,0,1.05,IN,1677816691
431,goderich,43.7501,-81.7165,-0.05,85,100,2.86,CA,1677816643
432,college,64.8569,-147.8028,-13.03,78,100,2.06,US,1677816692
433,moosburg,48.4667,11.9333,1.68,97,75,2.06,DE,1677816692
434,sao bento,-6.2833,-37.75,23.13,72,6,2.75,BR,1677816693
435,utete,-7.986,38.758,23.34,91,100,1.36,TZ,1677816694
436,klaksvik,62.2266,-6.589,5.51,81,79,8.08,FO,1677816694
437,pevek,69.7008,170.3133,-28.76,91,100,1.96,RU,1677816695
438,wagar,16.1525,36.2032,22.95,75,11,3.42,SD,1677816695
439,leua,48.2156,18.6071,0.83,73,1,1.11,SK,1677816696
440,flin flon,54.7682,-101.865,-11.11,96,100,2.86,CA,1677816697
441,dire,12.2833,-10.9667,24.24,19,0,0.06,ML,1677816697
442,hami,42.8,93.45,10.13,23,0,0.41,CN,1677816698
443,marrakesh,31.6315,-8.0083,13.04,100,40,2.06,MA,1677816572
444,port hawkesbury,45.6169,-61.3485,-1.16,97,100,6.71,CA,1677816699
445,ranong,9.9658,98.6348,30.59,56,53,1.55,TH,1677816699
446,kyshtovka,56.555,76.6271,-10.26,92,25,4.8,RU,1677816700
447,ternovka,51.678,41.6375,-5.75,95,95,5.81,RU,1677816700
448,saldanha,-33.0117,17.9442,18.38,91,51,2.6,ZA,1677816701
449,urumqi,43.801,87.6005,-7.47,86,20,1.0,CN,1677816701
450,ayna,-12.65,-73.9167,16.18,88,79,0.97,PE,1677816702
451,aykhal,66.0,111.5,-9.86,94,100,5.32,RU,1677816702
452,torres,-29.3353,-49.7269,22.68,86,100,2.74,BR,1677817055
453,yorkton,51.2167,-102.4677,-11.85,97,85,2.27,CA,1677816703
454,roma,43.2128,-75.4557,1.09,86,76,1.6,US,1677816704
455,smolenka,52.1352,113.4974,4.04,45,28,2.0,RU,1677816704
456,lima,-12.0432,-77.0282,23.28,80,0,4.12,PE,1677816880
457,caravelas,-17.7125,-39.2481,23.49,90,0,1.47,BR,1677816705
458,rulenge,-2.7175,30.6325,15.6,95,99,1.02,TZ,1677816706
459,primorsko-akhtarsk,46.0497,38.1747,0.68,59,13,1.57,RU,1677816707
460,bontang,0.1333,117.5,28.34,74,88,0.19,ID,1677816488
461,ust-uda,54.1742,103.0304,-1.77,89,99,2.79,RU,1677816708
462,onguday,50.75,86.15,0.45,71,100,2.13,RU,1677816708
463,alofi,-19.0595,-169.9187,28.94,74,75,3.6,NU,1677816709
464,luderitz,-26.6481,15.1594,15.52,93,0,3.23,NA,1677816709
465,ygatimi,-24.0833,-55.5,21.91,94,100,1.71,PY,1677816710
466,egvekinot,66.3167,-179.1667,-26.13,97,100,1.21,RU,1677816710
467,ergani,38.2653,39.7621,7.96,64,100,1.93,TR,1677816711
468,kavaratti,10.5669,72.642,27.51,72,13,3.35,IN,1677816711
469,salisbury,51.0693,-1.7957,4.16,79,100,4.63,GB,1677816712
470,pak phanang,8.3511,100.202,30.02,75,71,3.4,TH,1677816713
471,gilgit,35.9221,74.3087,7.6,82,97,0.66,PK,1677816714
472,presidencia roque saenz pena,-26.7852,-60.4388,20.91,98,6,1.68,AR,1677816714
473,mani,4.8172,-72.2886,27.03,56,50,2.0,CO,1677816715
474,arman,59.7,150.1667,-18.88,70,9,1.63,RU,1677816715
475,iskateley,67.6803,53.1512,-24.37,100,100,2.09,RU,1677816716
476,dwarka,22.2394,68.9678,25.94,53,0,3.6,IN,1677816716
477,faya,18.3851,42.4509,11.29,55,2,1.47,SA,1677816717
478,esso,55.9333,158.7,-12.22,84,89,1.15,RU,1677816718
479,hualmay,-11.0964,-77.6139,22.93,83,100,2.9,PE,1677816719
480,strzelin,50.7816,17.0648,1.4,88,2,1.91,PL,1677816719
481,kulevcha,46.0303,29.9361,0.61,83,35,0.44,UA,1677816720
482,atar,20.5169,-13.0499,19.35,26,0,4.1,MR,1677816720
483,mulege,26.8833,-111.9833,11.58,51,0,3.83,MX,1677816721
484,puerto escondido,15.85,-97.0667,25.46,78,40,3.09,MX,1677816721
485,paita,-5.0892,-81.1144,25.08,76,76,5.1,PE,1677816722
486,andapa,-14.65,49.65,21.12,95,94,0.85,MG,1677816723
487,storforshei,66.4043,14.5233,0.37,92,100,1.03,NO,1677816724
488,anderson,34.5334,-82.6499,15.37,96,100,1.54,US,1677816551
489,goba,7.0167,39.9833,9.11,83,43,1.59,ET,1677816725
490,kungurtug,50.5994,97.5228,-2.42,60,18,0.91,RU,1677816725
491,kabinda,-6.1333,24.4833,17.09,97,100,1.28,CD,1677816726
492,karabulak,43.3036,44.8964,-1.45,94,45,1.95,RU,1677816507
493,chokurdakh,70.6333,147.9167,-34.97,96,65,2.18,RU,1677816727
494,necochea,-38.5473,-58.7368,15.09,79,3,4.77,AR,1677816595
495,tarauaca,-8.1614,-70.7656,22.94,95,100,1.09,BR,1677816728
496,kattivakkam,13.2167,80.3167,27.05,56,83,2.38,IN,1677816728
497,esna,25.2934,32.554,22.16,16,0,3.12,EG,1677816729
498,kandrian,-6.2167,149.55,28.61,75,98,3.87,PG,1677816729
499,mnogovershinnyy,53.9353,139.9242,-12.11,77,91,0.28,RU,1677816730
500,motema,8.6,-11.0333,20.48,96,5,0.7,SL,1677816730
501,binga,-17.6203,27.3414,21.11,77,90,0.43,ZW,1677816731
502,vero beach,27.6386,-80.3973,23.91,76,0,3.09,US,1677816515
503,mahendranagar,28.9167,80.3333,26.87,20,0,1.38,NP,1677816732
504,denpasar,-8.65,115.2167,29.81,74,20,5.14,ID,1677816611
505,progreso,21.2833,-89.6667,27.06,59,0,7.12,MX,1677816733
506,celestun,20.8667,-90.4,25.78,73,1,3.37,MX,1677816734
507,farafangana,-22.8167,47.8333,24.15,87,96,0.3,MG,1677816734
508,fujin,47.26,132.0322,-5.45,76,20,6.23,CN,1677816735
509,gimli,50.6336,-96.9907,-9.34,94,100,6.3,CA,1677816736
510,santa luzia,-19.7697,-43.8514,23.5,95,81,1.39,BR,1677816736
511,havre-saint-pierre,50.2334,-63.5986,-12.53,96,78,2.18,CA,1677816737
512,fort morgan,40.2503,-103.8,0.36,74,0,0.0,US,1677816737
513,kocevje,45.6433,14.8633,4.77,99,100,0.3,SI,1677816738
514,fort saint james,54.4333,-124.25,-3.18,79,100,4.55,CA,1677816739
515,tilichiki,60.4667,166.1,-20.09,93,100,3.77,RU,1677816739
516,olavarria,-36.8927,-60.3225,19.16,54,6,3.92,AR,1677816740
517,gunnedah,-30.9833,150.25,33.28,21,0,4.19,AU,1677816741
518,dondaicha,21.3333,74.5667,30.91,20,0,2.76,IN,1677816741
519,noumea,-22.2763,166.4572,29.99,99,98,7.54,NC,1677816557
520,sawtell,-30.3833,153.1,26.01,61,33,5.66,AU,1677816743
521,tomatlan,19.9333,-105.25,18.87,64,34,1.25,MX,1677816744
522,bairiki,1.3292,172.9752,31.0,70,40,2.57,KI,1677816744
523,manica,49.0,-1.1667,0.87,98,25,2.09,FR,1677816745
524,nanakuli,21.3906,-158.1547,22.97,68,75,4.63,US,1677816746
525,muros,42.7762,-9.0603,0.64,82,60,2.2,ES,1677816746
526,samarai,-10.6167,150.6667,28.31,78,98,9.18,PG,1677816747
527,delijan,33.9905,50.6838,8.23,42,0,1.97,IR,1677816748
528,tarko-sale,64.9225,77.785,-14.69,93,100,11.58,RU,1677816748
529,kilemary,56.7783,46.8659,-9.24,95,100,3.04,RU,1677816749
530,sulzbach-rosenberg,49.4983,11.7517,-1.18,74,9,2.0,DE,1677816749
531,soyo,-6.1349,12.3689,25.35,87,88,3.34,AO,1677816750
532,casper,42.8666,-106.3131,-3.44,68,75,12.35,US,1677816574
533,molina,-35.1167,-71.2833,18.85,59,0,3.09,CL,1677816751
534,mandalgovi,45.7625,106.2708,4.93,15,73,5.17,MN,1677816751
535,barra dos coqueiros,-10.9089,-37.0386,27.01,78,40,3.6,BR,1677816752
536,waiuku,-37.25,174.75,24.07,76,86,2.58,NZ,1677816492
537,hamilton,39.1834,-84.5333,8.33,69,65,2.24,US,1677816289
538,sonqor,34.7837,47.6004,4.2,71,48,1.05,IR,1677816754
539,san cristobal,7.7669,-72.225,20.1,77,59,1.11,VE,1677816755
540,leopold,-38.1833,144.4667,20.12,54,40,6.69,AU,1677816755
541,prince rupert,54.3161,-130.3201,1.05,86,100,3.6,CA,1677816622
542,sindon,17.0603,122.0151,22.82,79,97,2.02,PH,1677816756
543,gomel,52.4345,30.9754,0.99,86,75,5.0,BY,1677816757
544,el alto,-4.2714,-81.2147,24.14,76,67,4.12,PE,1677816757
545,naron,43.5167,-8.1528,5.58,82,95,2.62,ES,1677816758
546,mercedes,-34.6515,-59.4307,27.1,43,13,3.02,AR,1677816758
547,vaitape,-16.5167,-151.75,28.19,68,10,2.46,PF,1677816759
548,rena,61.1348,11.3641,-12.25,93,88,1.5,NO,1677816760
549,melfort,52.8667,-104.6177,-4.54,94,100,3.49,CA,1677816760
550,beckley,37.7782,-81.1882,7.94,89,0,1.54,US,1677816643
551,ozark,37.0209,-93.206,7.23,96,100,2.68,US,1677816762
552,diffa,13.3154,12.6113,26.04,14,24,3.78,NE,1677816763
553,fairbanks,64.8378,-147.7164,-13.02,79,100,2.06,US,1677816749
554,dharchula,29.85,80.5333,20.92,21,0,1.8,IN,1677816763
555,osypenko,46.9136,36.8253,0.22,70,28,2.33,UA,1677816764
556,dunedin,-45.8742,170.5036,20.62,63,11,2.82,NZ,1677816765
557,touros,-5.1989,-35.4608,24.52,91,100,4.81,BR,1677816765
558,tautira,-17.7333,-149.15,27.24,78,4,3.68,PF,1677816766
559,aktash,50.3,87.7333,-6.05,61,48,3.2,RU,1677816766
560,camopi,3.1655,-52.3158,21.46,99,94,0.97,GF,1677816767
561,dalbandin,28.8947,64.4101,15.21,73,91,1.66,PK,1677816768
562,bac lieu,9.285,105.7244,28.87,53,79,8.09,VN,1677816768
563,oksfjord,70.2396,22.3479,1.1,94,86,2.53,NO,1677816769
564,kaduna,10.5222,7.4383,23.05,25,100,0.78,NG,1677816769
565,ilinskiy,55.619,38.1182,-0.79,100,75,3.0,RU,1677816770
566,dasoguz,41.8363,59.9666,6.28,60,96,5.25,TM,1677816770
567,mapiri,-15.25,-68.1667,21.09,99,99,0.45,BO,1677816771
568,esperance,-33.8667,121.9,27.73,44,10,2.55,AU,1677816771
569,kruisfontein,-34.0033,24.7314,16.6,89,1,2.05,ZA,1677816772
570,dryden,49.7833,-92.7503,-4.84,68,100,6.69,CA,1677816772
571,bjornevatn,69.6672,29.9847,-3.21,93,20,2.57,NO,1677816773
572,stains,48.95,2.3833,2.3,89,18,3.6,FR,1677816773
573,eureka,40.8021,-124.1637,7.89,93,100,0.89,US,1677816774
574,amahai,-3.3333,128.9167,28.7,71,100,2.41,ID,1677816774
575,keflavik,64.0049,-22.5624,3.24,100,75,2.57,IS,1677816775
576,waddan,29.1614,16.139,15.35,30,42,4.68,LY,1677816776
577,paamiut,61.994,-49.6678,3.4,69,100,3.78,GL,1677816776
578,taoudenni,22.6783,-3.9836,21.94,18,0,4.09,ML,1677816777
579,cascais,38.6979,-9.4215,8.62,71,100,7.6,PT,1677816778
580,haifa,32.8156,34.9892,19.56,70,40,6.17,IL,1677816778
